Description,First,Second,My,WuPalmer,Resnik,Lin,BERT,FirstDefinition,SecondDefinition
"When a report of a snake on the loose came in, this police department sent their 'snake whisperer'",police,report,0,0.27,0.07,0.07,0.39,the force of policemen and officers,the general estimation that the public has for a person
Tunisia's Ons Jabeur recovers from a mid-match struggle to become the first African player to win a WTA 1000 event.,struggle,player,0,0.17,0,0,0.33,an open clash between two opposing groups (or individuals); --Thomas Paine,a person who participates in or is skilled at some game
England and Australia will pay tribute to the victims of the Nottingham attacks on day one of the first men's Ashes Test and sole women's Test.,tribute,victims,0,0.11,0,0,0.49,payment extorted by gangsters on threat of violence,an unfortunate person who suffers from some adverse circumstance
A documentary about the Nan Goldin-led protests against the Sackler family aims for more award glory.,glory,protests,0,0.29,0.05,0.06,0.33,an indication of radiant light drawn around the head of a saint,the act of protesting; a public (often organized) manifestation of dissent
The Met Police apologises for not disclosing documents it says were found in a cabinet at its HQ.,police,hq,0,0.13,0,0,0.53,the force of policemen and officers,the military installation from which a commander performs the functions of command
"We are in the midst of a technological revolution, but productivity has not improved.",productivity,revolution,0,0.29,0.05,0.06,0.52,the quality of being productive or having the power to produce,a single complete turn (axial or orbital)
The Manchester-based fashion retailer says its model fell within the NHS standard of a healthy weight.,retailer,fashion,0.2,0.42,0.14,0.15,0.6,a merchant who sells goods at retail,consumer goods (especially clothing) in the current mode
One family spends six months turning their home into a must-see Halloween attraction.,home,months,0,0.31,0.08,0.09,0.46,a social unit living together,one of the twelve divisions of the calendar year
Britain's Keely Hodgkinson sets a world-leading time as she storms to a dominant 800m victory at the World Indoor Tour in Lievin.,victory,tour,0,0.25,0.07,0.07,0.46,a successful ending of a struggle or contest,a time for working (after which you will be relieved by someone else)
"The BBC's Jeremy Bowen returns to Irpin, where Ukrainian forces say they're pushing back Russians.",forces,russians,0.2,0.6,0.3,0.27,0.55,one possessing or exercising power or influence or authority,a native or inhabitant of Russia
Chloe Chong started karting on the same track as Lewis Hamilton - now she's at the same F1 race weekend.,track,weekend,0,0.14,0,0,0.63,any road or path affording passage especially a rough one,a time period usually extending from Friday night through Sunday; more loosely defined as any period of successive days including one and only one Sunday
A collection of behind-the-scenes images of the star by a childhood friend go on display in Deal.,deal,childhood,0,0.31,0.06,0.06,0.23,an agreement between parties (usually arrived at after discussion) fixing obligations of each,the state of a child between infancy and adolescence
"Teachers in the biggest unions in England, Scotland and Wales are striking over pay.",england,scotland,1,0.9,0.84,0.75,0.66,a division of the United Kingdom,one of the four countries that make up the United Kingdom of Great Britain and Northern Ireland; located on the northern part of the island of Great Britain; famous for bagpipes and plaids and kilts
"Fears mount among more than 1,000 Palestinians that Israel’s army will force them to leave their homes in the occupied West Bank.",israel,army,0.2,0.11,0,0,0.53,Jewish republic in southwestern Asia at eastern end of Mediterranean; formerly part of Palestine,the army of the United States of America; the agency that organizes and trains soldiers for land warfare
"As the cost of animal care spirals, charities are going to extreme lengths to help families keep their pets.",animal,care,0,0.13,0,0,0.59,a living organism characterized by voluntary movement,an anxious feeling
"Simon Parry, 44, was arrested on Thursday following an incident with an unnamed MP in Westminster.",parry,incident,0,0.44,0.19,0.21,0.32,a return punch (especially by a boxer),a single distinct event
Will the Conservatives be able to come together after a long summer of public wrangling?,conservatives,summer,0,0.15,0,0,0.33,a person who is reluctant to accept changes and new ideas,the warmest season of the year; in the northern hemisphere it extends from the summer solstice to the autumnal equinox
"Erik ten Hag praises Manchester United's ""character"" after a thrilling first-leg draw at Barcelona leaves their Europa League play-off tie finely poised.",draw,barcelona,0,0.13,0,0,0.39,the finish of a contest in which the score is tied and the winner is undecided,a city in northeastern Spain on the Mediterranean; 2nd largest Spanish city and the largest port and commercial center; has been a center for radical political beliefs
The foreign secretary will use a speech in Washington to argue for stronger action against Russia.,speech,russia,0,0.11,0,0,0.3,words making up the dialogue of a play,formerly the largest Soviet Socialist Republic in the USSR occupying eastern Europe and northern Asia
The National Audit Office has found the project is behind schedule and not delivering value for money.,money,audit,0.1,0.24,0.07,0.06,0.21,the most common medium of exchange; functions as legal tender,a methodical examination or review of a condition or situation
Liverpool survive a scare against Villarreal to move into the Champions League final - and keep their hopes of winning the quadruple alive.,liverpool,scare,0,0.12,0,0,0.28,a large city in northwestern England; its port is the country's major outlet for industrial exports,a sudden attack of fear
"Gallery owner Steph Warren had a job at the ""reserved"" graffiti star's print shop in London.",graffiti,warren,0,0.47,0.11,0.13,0.36,a rude decoration inscribed on rocks or walls,United States writer and poet (1905-1989)
"Western allies must ""double down"" in their support for Ukraine, the UK's foreign secretary says.",support,secretary,0,0.63,0.54,0.41,0.37,any device that bears the weight of another thing,a desk used for writing
"Spanish goalkeeper Catalina Coll tells the BBC she is ""saddneded"" that the scandal over the Spanish FA president kissing her team-mate has overshadowed their win.",win,president,0,0.44,0.2,0.21,0.39,a victory (as in a race or other competition),the office of the United States head of state
A hairdresser in Wales is collecting her customers' hair and turning it into something useful.,customers,wales,0.3,0.42,0.2,0.15,0.29,someone who pays for goods or services,thick plank forming a ridge along the side of a wooden ship
They are able to visit their homes and see relatives for the first time since the Russian invasion began.,homes,russian,0,0.15,0,0,0.28,an environment offering affection and security,a native or inhabitant of Russia
Newly turned professional Ludvig Aberg warms up for the Ryder Cup with an impressive opening round at the BMW PGA Championship.,round,championship,0.2,0.25,0.05,0.05,0.66,a partsong in which voices follow each other; one voice starts and others join in one after another until all are singing different parts of the song at the same time,a competition at which a champion is chosen
"On results day, three teenagers reveal the unusual conditions they studied for their exams under.",conditions,teenagers,0,0.29,0.12,0.1,0.44,the atmospheric conditions that comprise the state of the atmosphere in terms of temperature and wind and clouds and precipitation,a juvenile between the onset of puberty and maturity
A transatlantic spat over green subsidies is casting a shadow over this year's World Economic Forum.,shadow,world,0,0.31,0.06,0.07,0.2,something existing in perception only,all of the living human inhabitants of the earth
The price of the things we spend our money on is rising at its highest rate for 40 years.,rate,price,0.5,0.82,0.69,0.69,0.5,amount of a charge or payment relative to some basis,the amount of money needed to purchase something
"Large queues are already forming in London, as people wait for the Queen's lying-in-state to begin.",queen,people,0.5,0.17,0,0,0.34,a female sovereign ruler,(plural) any group of human beings (men or women or children) collectively
The Bolton comedian makes a triumphant return in the first date of his first tour for 12 years.,date,return,0,0.21,0.06,0.07,0.44,"the particular day, month, or year (usually according to the Gregorian calendar) that an event occurred",a tennis stroke that sends the ball back to the other player
A local TV producer was stunned to recognise this boy in footage from outside a school 50 years ago.,years,tv,0,0.12,0,0,0.34,a period of time containing 365 (or 366) days,an electronic device that receives television signals and displays them on a screen
A florist in Slough warned now is not the time to scale back support with energy bills.,energy,time,0.2,0.4,0.24,0.27,0.18,a healthy capacity for vigorous activity,rhythm as given by division into parts of equal duration
Pictures as people across the UK get ready to celebrate on Saturday.,pictures,saturday,0,0.25,0.08,0.07,0.28,a form of entertainment that enacts a story by sound and a sequence of images giving the illusion of continuous movement,the seventh and last day of the week; observed as the Sabbath by Jews and some Christians
"One venue's owners say they cannot host winter weddings, as their heating bills are too high.",venue,winter,0,0.13,0,0,0.29,the scene of any event or action (especially the place of a meeting),the coldest season of the year; in the northern hemisphere it extends from the winter solstice to the vernal equinox
"The Tesla founder has become the social network's biggest single shareholder, and a board member.",board,founder,0.6,0.12,0,0,0.54,a committee having supervisory powers,a person who founds or establishes some institution
"""We have a horse problem"" - the jet was flying to Belgium when an equine passenger escaped its crate.",passenger,problem,0,0.15,0,0,0.5,a traveler riding in a vehicle (a boat or bus or car or plane or train etc) who is not operating it,a source of difficulty
"After the thrill of reaching a first World Cup for 64 years, Wales' early departure from Qatar leaves question marks over the direction Rob Page now takes his ageing squad.",qatar,world,0.2,0.33,0,0,0.35,an Arab country on the peninsula of Qatar; achieved independence from the United Kingdom in 1971; the economy is dominated by oil,all of the living human inhabitants of the earth
A string of controversies has turned the spotlight on one of the most powerful figures in government.,string,spotlight,0,0.5,0.23,0.23,0.43,a necklace made by a stringing objects together,a lamp that produces a strong beam of light to illuminate a restricted area; used to focus attention of a stage performer
"At Wimbledon in 2001, a teenage hopeful took on the serial champion. It was a match for the ages - the only time two greats met.",ages,time,0.5,0.83,0.52,0.56,0.23,a prolonged period of time,an indefinite period (usually marked by specific attributes or activities)
"With it all to play for, BBC Sport explains what results are needed for each team to progress in the men's and women's Hundred.",results,men,0,0.5,0.34,0.38,0.38,the semantic role of the noun phrase whose referent exists only by virtue of the activity denoted by the verb in the clause,all of the living human inhabitants of the earth
"The UK contestant is one of the favourites to win the contest, but he's trying not think about it.",favourites,contestant,0,0.67,0.51,0.68,0.43,a competitor thought likely to win,a person who participates in competitions
Campaigners are in tears as the ancient tree is felled after a row over how it was a threat to homes.,ancient,tree,0,0.6,0.22,0.25,0.58,a very old person,a tall perennial woody plant having a main trunk and branches forming a distinct elevated crown; includes both gymnosperms and angiosperms
Two 19-year-old university students and a man in his 50s were killed in van and knife attacks in the city on Tuesday morning.,city,morning,0,0.27,0.07,0.07,0.46,people living in a large densely populated municipality,the earliest period
Birmingham City move up to seventh in the Championship as Troy Deeney's early double helps beat Paul Ince's Reading.,reading,troy,0.1,0.9,0.65,0.53,0.34,a city on the River Thames in Berkshire in southern England,an ancient city in Asia Minor that was the site of the Trojan War
A 48-year-old teetotal woman survived on wine and snacks after getting stranded in bushland.,snacks,wine,0.9,0.62,0.48,0.54,0.68,a light informal meal,fermented juice (of grapes especially)
"The prince said Ms Davy decided ""a royal life was not for her"", as his High Court case against Mirror Group Newspapers begins.",court,ms,0.1,0.32,0.14,0.13,0.4,a hotel for motorists; provides direct access from rooms to parking area,a state in the Deep South on the gulf of Mexico; one of the Confederate States during the American Civil War
Ian Smith couldn't help the impromptu move as Rita Ora performed at the Prince's Trust event in New York.,trust,york,0,0.21,0.06,0.05,0.32,certainty based on past experience,the English royal house (a branch of the Plantagenet line) that reigned from 1461 to 1485; its emblem was a white rose
Olympic champion Eve Muirhead speaks to BBC Scotland about the defining year of her career.,career,year,0.2,0.29,0.07,0.07,0.55,the particular occupation for which you are trained,a period of time containing 365 (or 366) days
"Wildfires continue to cause chaos on Rhodes, as tourists are evacuated.",chaos,rhodes,0,0.29,0.07,0.07,0.33,the formless and disordered state of matter before the creation of the cosmos,British colonial financier and statesman in South Africa; made a fortune in gold and diamond mining; helped colonize the territory now known as Zimbabwe; he endowed annual fellowships for British Commonwealth and United States students to study at Oxford University (1853-1902)
Margaret Davidson was bringing up a young family in the Falklands when war broke out 40 years ago.,years,war,0,0.31,0.09,0.08,0.36,a body of students who graduate together,the waging of armed conflict against an enemy
"A young, progressive party won more seats than any other. Will the senate and courts let them govern?",seats,party,0.5,0.13,0,0,0.57,a center of authority (as a city from which authority is exercised),a group of people gathered together for pleasure
Scorching temperatures and drought feed fires in the north of the country.,fires,north,0,0.24,0.09,0.09,0.4,once thought to be one of four elements composing the universe (Empedocles),the United States (especially the northern states during the American Civil War)
"Simon Lingard died after his unit was attacked amid the conflict, his family confirm.",unit,simon,0.4,0.25,0.13,0.07,0.44,an organization regarded as part of a larger social group,one of the twelve Apostles (first century)
"Alice Walker, now 67, scores a perfect 14 out of 14 on her specialist subject, the Peak District.",subject,peak,0.1,0.43,0.17,0.16,0.31,a person who owes allegiance to that nation,the top or extreme point of something (usually a mountain or hill)
The parents of Claire Inglis want to know why a violent offender was bailed to her address.,offender,address,0,0.4,0.18,0.18,0.39,a person who transgresses moral or civil law,the place where a person or organization can be found or communicated with
The charges follow the death of a father-of-six and attacks on three other people in incidents around Skye.,charges,incidents,0.2,0.53,0.22,0.22,0.47,an impetuous rush toward someone or something,a single distinct event
The BBC's James Waterhouse watches on as work to remove a huge Soviet-era symbol begins in Kyiv.,symbol,james,0,0.44,0.3,0.28,0.28,something visible that by association or convention represents something else that is invisible,(New Testament) disciple of Jesus; brother of John; author of the Epistle of James in the New Testament
"Huw Davies seemingly loved the views of Cardigan Bay, but not the birds who were there as well.",davies,views,0,0.42,0.11,0.14,0.38,English chemist who was a pioneer in electrochemistry and who used it to isolate elements sodium and potassium and barium and boron and calcium and magnesium and chlorine (1778-1829),graphic art consisting of the graphic or photographic representation of a visual percept
Neil Parish says he was verbally abused and sent death threats after being seen watching porn at work.,parish,death,0,0.11,0,0,0.29,the local subdivision of a diocese committed to one pastor,the act of killing
"Mo Farah says it would not ""make any sense"" to continue racing if he could compete at the top, as he prepares for the London 10,000.",london,sense,0,0.11,0,0,0.19,the capital and largest city of England; located on the Thames in southeastern England; financial and industrial and cultural center,the faculty through which the external world is apprehended
Almost 700 train services are temporarily removed after a pay row triggered a wave of driver shortages.,shortages,wave,0.2,0.24,0.05,0.06,0.53,the property of being an amount by which something is less than expected or required,a movement like that of a sudden occurrence or increase in a specified phenomenon
A 16-year-old boy is arrested on suspicion of murder following the stabbing in Northumberland.,northumberland,suspicion,0,0.13,0,0,0.25,the northernmost county of England; has many Roman remains (including Hadrian's Wall),an impression that something might be the case
The King will mark his 75th birthday with plans to help those without food and to reduce wasted food.,king,plans,0,0.22,0.06,0.07,0.39,one of the four playing cards in a deck bearing the picture of a king,a series of steps to be carried out or goals to be accomplished
Details of how people can pay their final respects at the Palace of Westminster have been revealed.,details,palace,0,0.27,0.08,0.07,0.32,an isolated fact that is considered separately from the whole,the governing group of a kingdom
One of the UK's largest pension funds is the first investor to come out and support Thames Water.,funds,uk,0.1,0.09,0,0,0.28,a supply of something available for future use,a monarchy in northwestern Europe occupying most of the British Isles; divided into England and Scotland and Wales and Northern Ireland; `Great Britain' is often used loosely to refer to the United Kingdom
"The rising cost of energy, transport and childcare is forcing families to make tough choices.",energy,cost,0.1,0.2,0.07,0.07,0.46,the federal department responsible for maintaining a national energy policy of the United States; created in 1977,the property of having material worth (often indicated by the amount of money something would bring if sold)
The UK government says Nexperia's takeover of Newport Wafer Fab creates national security risks.,security,risks,0.1,0.43,0.23,0.25,0.66,measures taken as a precaution against theft or espionage or sabotage etc.,a venture undertaken without regard to possible loss or injury
The rate at which prices are rising has fallen but remains well above the 2% inflation target.,prices,target,0,0.27,0.07,0.07,0.36,the amount of money needed to purchase something,a reference point to shoot at
"Faked medical records, pharmacists, fixers, fame and fortune. Dopers infiltrated Kenyan distance running but the fightback has begun.",kenyan,fame,0,0.14,0,0,0.33,a native or inhabitant of Kenya,the state or quality of being widely honored and acclaimed
"Cristiano Ronaldo is hailed as a ""phenomenon"" and ""legend"" after he becomes the first man to score at five Fifa World Cups.",phenomenon,cups,0.1,0.33,0.17,0.11,0.27,any state or process known through the senses rather than by intuition or reasoning,cup-shaped plant organ
"Households want a block on energy costs and the PM is proud of delivering his promises, the papers say.",promises,costs,0.1,0.31,0.07,0.09,0.44,a verbal commitment by one person to another agreeing to do (or not to do) something in the future,the total spent for goods or services including money and time and labor
Counter-attacks by Ukrainian forces are successfully regaining territory as Russian forces refocus efforts on the east of the country.,country,efforts,0,0.25,0.09,0.08,0.36,a politically organized body of people under a single government,a notable achievement
"Officials warn this could be Greece's hottest July weekend in 50 years, with temperatures hitting 45C.",weekend,greece,0,0.12,0,0,0.24,a time period usually extending from Friday night through Sunday; more loosely defined as any period of successive days including one and only one Sunday,a republic in southeastern Europe on the southern part of the Balkan peninsula; known for grapes and olives and olive oil
West Indies' Deandra Dottin takes a sensational catch to dismiss England's Lauren Winfield-Hill at the Women's World Cup.,cup,england,0,0.33,0.12,0.13,0.47,cup-shaped plant organ,a division of the United Kingdom
"The suspect was detained at Birmingham Airport on Thursday evening, police say.",airport,birmingham,0.2,0.33,0.14,0.12,0.38,an airfield equipped with control tower and hangars as well as accommodations for passengers and cargo,the largest city in Alabama; located in northeastern Alabama
The UK economy is forecast to shrink this year but what will it mean for first-time home buyers?,buyers,uk,0.1,0.3,0.11,0.12,0.36,a person who buys,a monarchy in northwestern Europe occupying most of the British Isles; divided into England and Scotland and Wales and Northern Ireland; `Great Britain' is often used loosely to refer to the United Kingdom
"Gabby Logan, Leon Osman and Dion Dublin analyse Marcus Rashford's performance as he scores the winning goal in Manchester United's 1-0 home win over Brentford.",manchester,goal,0,0.44,0.28,0.31,0.52,largest city in New Hampshire; located in southeastern New Hampshire on the Merrimack river,the place designated as the end (as of a race or journey)
Watch highlights as goals from Jarrod Bowen and Michail Antonio give West Ham a 2-0 victory over Derby to set up an FA Cup fifth round tie away at Manchester United.,fa,derby,0.2,0.11,0,0,0.48,the syllable naming the fourth (subdominant) note of the diatonic scale in solmization,a felt hat that is round and hard with a narrow brim
Football matches recently have been disrupted by activists who have crashed the pitch.,activists,football,0,0.12,0,0,0.34,a militant reformer,any of various games played with a ball (round or oval) in which two teams try to kick or carry or propel the ball into each other's goal
"Jenny Hill reports from the village of Vati in Rhodes, as fires continue to spread across the region.",rhodes,jenny,0.2,0.6,0.44,0.45,0.25,British colonial financier and statesman in South Africa; made a fortune in gold and diamond mining; helped colonize the territory now known as Zimbabwe; he endowed annual fellowships for British Commonwealth and United States students to study at Oxford University (1853-1902),United States architect who designed the first skyscraper in which a metal skeleton was used (1832-1907)
"In her first media interview, the female ex-corporal says she quit after being assaulted in her sleep.",media,interview,0.1,0.27,0.06,0.06,0.59,a state that is intermediate between extremes; a middle position,the questioning of a person (or a conversation in which information is elicited); often conducted by journalists
Chelsea could face further scrutiny from football's authorities over reports of payments connected to the club's former owner Roman Abramovich.,owner,reports,0,0.12,0,0,0.45,(law) someone who owns (is legal possessor of) a business,the act of informing by verbal report
"France and Germany call for ""direct, serious"" talks between President Putin and Ukraine's leader.",germany,ukraine,1,0.84,0.6,0,0.4,a republic in central Europe; split into East Germany and West Germany after World War II and reunited in 1990,a republic in southeastern Europe; formerly a European soviet; the center of the original Russian state which came into existence in the ninth century
"Watch as England's Harry Brook is bowled by Australia's Nathan Lyon for 32 after a ""freakish dismissal"" on day one of the first Ashes Test.",england,brook,0.1,0.25,0.08,0.08,0.43,a division of the United Kingdom,a natural stream of water smaller than a river (and often a tributary of a river)
The 12-year-old's family have an extra day to appeal to the European Court of Human Rights.,family,rights,0,0.38,0.15,0.15,0.22,a person having kinship with another or others,the piece of ground in the outfield on the catcher's right
Charles Leclerc was denied one of the great Monaco laps by the red flag - could he be denied the race entirely in the future?,laps,charles,0,0.35,0.35,0.37,0.43,the upper side of the thighs of a seated person,a river in eastern Massachusetts that empties into Boston Harbor and that separates Cambridge from Boston
"Princess Leonor of Spain's birthday is on Tuesday, prompting talk of what sort of royal she will be.",spain,tuesday,0,0.11,0,0,0.2,a parliamentary monarchy in southwestern Europe on the Iberian Peninsula; a former colonial power,the third day of the week; the second working day
"""I just want to say now, I have no new music,"" says the star as he headlines the Latitude Festival.",latitude,festival,0.1,0.22,0.05,0.05,0.43,the angular distance between an imaginary line around a heavenly body parallel to its equator and the equator itself,an organized series of acts and performances (usually in one place)
Monday's papers focus on the PM's plans to tackle grooming gangs - and Jodie Comer's Olivier Award.,plans,olivier,0,0.4,0.18,0,0.21,scale drawing of a structure,English actor best know for his Shakespearean roles (1907-1989)
Former Crystal Palace winger Wilfried Zaha joins Turkish side Galatasaray after leaving the Eagles at the end of his contract in June.,june,side,0,0.12,0,0,0.3,the month following May and preceding July,a surface forming part of the outside of an object
Afghanistan's vice and virtue minister says female visitors to Band-e-Amir were not wearing hijabs properly.,virtue,vice,0.8,0.57,0.56,0.41,0.64,a particular moral excellence,moral weakness
"The ex-health secretary's spokesman says leaked messages have been ""doctored to create a false story"".",spokesman,messages,0,0.18,0,0,0.43,a male spokesperson,what a communication that is about something is about
Kim Kardashian is pulled into a row over the fashion house's latest campaign after heavy backlash.,backlash,house,0,0.56,0.16,0.21,0.44,an adverse reaction to some political or social occurrence,play in which children take the roles of father or mother or children and pretend to interact like adults
The Akita Inu has been lionised in Japan and beyond as a symbol of devotion and fidelity.,devotion,symbol,0.2,0.25,0.05,0.06,0.49,feelings of ardent love,something visible that by association or convention represents something else that is invisible
England midfielder Keira Walsh says she feels more responsibility on the pitch under manager Sarina Wiegman.,responsibility,pitch,0,0.14,0,0,0.28,the social force that binds you to the courses of action demanded by that force; ; - John D.Rockefeller Jr,a vendor's position (especially on the sidewalk)
The token grants the bearer free access to plays at the Bristol Old Vic and will be auctioned later.,bristol,access,0,0.12,0,0,0.3,an industrial city and port in southwestern England near the mouth of the River Avon,a code (a series of characters or digits) that must be entered in some way (typed or dialed or spoken) to get the use of something (a telephone line or a computer or a local area network etc.)
"The firm is struggling to stop climate misinformation spreading on its platform, BBC investigation finds.",platform,firm,0.1,0.27,0.07,0.08,0.55,a document stating the aims and principles of a political party,the members of a business organization that owns or operates one or more establishments
If Russia has carried out war crimes in Ukraine how could Putin or his army generals be prosecuted?,russia,army,0.2,0.12,0,0,0.54,a former communist country in eastern Europe and northern Asia; established in 1922; included Russia and 14 other soviet socialist republics (Ukraine and Byelorussia and others); officially dissolved 31 December 1991,a permanent organization of the military land forces of a nation or state
Ukraine's first lady says it's important to keep highlighting the human cost of the war in her country.,lady,country,0.1,0.13,0,0,0.49,a woman of refinement,a politically organized body of people under a single government
"Sketching the former president under the greatest scrutiny possible. It's a tough job, so how do they do it?",president,job,0.4,0.82,0.65,0.79,0.22,the office of the United States head of state,the principal activity in your life that you do to earn money
Some critics of Boris Johnson have questioned his honesty - we tested some of his most notable claims.,claims,critics,0,0.13,0,0,0.55,an assertion of a right (as to money or property),a person who is professionally engaged in the analysis and interpretation of works of art
It marks Bashar al-Assad's first visit to an Arab country since the Syrian civil war began in 2011.,war,visit,0.2,0.59,0.55,0.54,0.23,the waging of armed conflict against an enemy,the act of going to see some person or place or thing for a short time
"England may have broken records with the bat, but it is their effort with the ball that could see them to victory in the first Test in Pakistan, writes Stephan Shemilt.",records,bat,0,0.59,0.26,0.23,0.3,an extreme attainment; the best (or worst) performance ever attested (as in a sport),(baseball) a turn trying to get a hit
"The chancellor's Autumn Statement sets the scene for the next general election, writes Nick Eardley.",nick,election,0,0.63,0.35,0.37,0.33,a small cut,the act of selecting someone or something; the exercise of deliberate choice
A mixed showing from England's bowlers allows West Indies to edge an attritional second day of the first Test in Antigua.,antigua,england,0.9,0.38,0,0,0.37,the largest of the islands comprising Antigua and Barbuda,a division of the United Kingdom
"From Spain to Latvia, national and regional records for January are broken across the continent.",spain,records,0,0.12,0,0,0.23,a parliamentary monarchy in southwestern Europe on the Iberian Peninsula; a former colonial power,the number of wins versus losses and ties a team has had
"Delicious, budget-friendly slow cooker meal recipes for a family of four.",delicious,recipes,0,0.12,0,0,0.66,variety of sweet eating apples,directions for making something
Sport and BBC Four are among the areas to have fewer hours of original coverage to save money.,money,hours,0.2,0.4,0.35,0.36,0.41,wealth reckoned in terms of money,distance measured by the time taken to cover it
Watch some of the best shots as Katie Boulter beats British compatriot Jodie Burrage to win the Nottingham Open final.,open,shots,0,0.17,0,0,0.59,information that has become public,a person who shoots (usually with respect to their ability to shoot)
Chelsea boss Mauricio Pochettino says new signing Lesley Ugochukwu may still leave on loan after joining for £23m from Rennes.,boss,loan,0,0.27,0.05,0.06,0.36,wild and domestic cattle; in some classifications placed in the subfamily Bovinae or tribe Bovini,the temporary provision of money (usually at interest)
Hundreds of Ukrainian women are pregnant with other people's children - creating a web of complex problems.,women,problems,0,0.31,0.07,0.07,0.48,women as a class,a question raised for consideration or solution
Australia's contestant Sheldon Riley will compete in Turin with his powerful song Not The Same.,riley,turin,0.2,0.3,0,0,0.26,United States poet (1849-1916),capital city of the Piemonte region of northwestern Italy
How to watch every Uefa Women's Euro 2022 game on the BBC this July.,game,july,0.1,0.4,0.29,0.27,0.39,(games) the score at a particular point or the score needed to win,the month following June and preceding August
A passenger's video shows the aircraft spitting fire shortly after take-off from Ohio.,ohio,aircraft,0,0.3,0.14,0.15,0.37,a midwestern state in north central United States in the Great Lakes region,a vehicle that can fly
Red Bull's Max Verstappen enjoys a comfortable victory in the Sao Paulo Grand Prix sprint race after passing Lando Norris at the start.,victory,red,0,0.15,0,0,0.35,a successful ending of a struggle or contest,emotionally charged terms used to refer to extreme radicals or revolutionaries
"Emma Hayes calls Chelsea's 3-0 win over Paris St-Germain her ""favourite"" display of the season as Sam Kerr's strike and two Lauren James goals secure top spot in Women's Champions League Group A.",goals,group,0,0.29,0.06,0.09,0.26,a successful attempt at scoring,any number of entities (members) considered as a unit
The Maritime and Coastguard Agency held the Pride of Kent after it failed a safety inspection.,safety,kent,0,0.12,0,0,0.26,(baseball) the successful act of striking a baseball in such a way that the batter reaches base safely,"a county in southeastern England on the English Channel; formerly an Anglo-Saxon kingdom, it was the first to be colonized by the Romans"
"Profile of the former equalities campaigner, who has been the surprise package of the Tory leadership race.",profile,tory,0,0.12,0,0,0.25,degree of exposure to public notice,an American who favored the British side during the American Revolution
The ruling by the International Chess Federation is drawing criticism from some players.,ruling,international,0,0.24,0.06,0.06,0.33,the reason for a court's judgment (as opposed to the decision itself),any of several international socialist organizations
"The 97-year-old presents Planet Earth III, the third instalment of the landmark award-winning programme.",landmark,presents,0,0.27,0.05,0.06,0.43,a mark showing the boundary of a piece of land,something presented as a gift
Match of the Day 2 pundit Danny Murphy says that Arsenal have a world-beating attack with Gabriel Martinelli and Bukayo Saka but will not challenge Man City for the title.,murphy,title,0,0.11,0,0,0.2,an edible tuber native to South America; a staple food of Ireland,an established or recognized right
"Tasks also include counting penguins and general maintenance, though they will not have running water.",tasks,water,0,0.25,0.1,0.08,0.36,any piece of work that is undertaken or attempted,binary compound that occurs at room temperature as a clear colorless odorless tasteless liquid; freezes into ice below 0 degrees centigrade and boils above 100 degrees centigrade; widely used as a solvent
The Jumbo restaurant capsized in the South China Sea days after it was towed out of the harbour.,harbour,china,0.2,0.32,0.12,0.12,0.26,a place of refuge and comfort and security,a communist nation that covers a vast territory in eastern Asia; the most populous country in the world
Risky escape routes have opened up for Ukrainians - including driving through Russia to Georgia.,escape,routes,0.1,0.35,0.12,0.15,0.71,a valve in a container in which pressure can build up (as a steam boiler); it opens automatically when the pressure reaches a dangerous level,an established line of travel or access
"The quarter-finals of Euro 2022 start on Wednesday when England take on Spain, but who poses the biggest challenge to England's campaign for the trophy?",start,spain,0,0.11,0,0,0.26,the act of starting something,a parliamentary monarchy in southwestern Europe on the Iberian Peninsula; a former colonial power
The Prince and Princess of Wales hop on the Elizabeth Line to a Soho pub to get some lessons.,lessons,prince,0,0.11,0,0,0.21,a unit of instruction,a male member of a royal family other than the sovereign (especially the son of a sovereign)
A Maharashtra village switches off TV and internet for a few hours daily - and the results are worth it.,maharashtra,tv,0,0.35,0,0,0.33,a historical area in west-central India,broadcasting visual images of stationary or moving objects; ;  - Ernie Kovacs
The plans would have required many frontline officers and staff to remove beards and moustaches.,officers,plans,0,0.4,0.23,0.2,0.44,any person in the armed services who holds a position of authority or command,scale drawing of a structure
Some Muslims have been struggling to afford food to break their fasts amid the soaring cost of living.,living,food,0,0.31,0.07,0.07,0.54,the financial means whereby one lives,anything that provides mental stimulus for thinking
"The drones are launched from Lebanon, amid border tensions between the nations.",lebanon,drones,0,0.32,0,0,0.35,an Asian republic at east end of Mediterranean,someone who takes more time than necessary; someone who lags behind
"The BBC has followed families who have moved from Hong Kong to the UK, to see if life is everything they hoped for.",families,life,0.2,0.71,0.27,0.29,0.53,a person having kinship with another or others,a living person
"On 24 February 2022, Vladimir Putin sent troops into Ukraine, hoping to take over the country in a matter of days.",putin,troops,0.4,0.12,0,0,0.35,Russian statesman chosen as president of the Russian Federation in 2000; formerly director of the Federal Security Bureau (born in 1952),a group of soldiers
Nottingham Panthers' Adam Johnson dies after suffering a cut to his neck from a skate in a Challenge Cup match against the Sheffield Steelers.,match,challenge,0.2,0.17,0,0,0.42,a person who is of equal standing with another in a group,a demand by a sentry for a password or identification
"With almost all Welsh results in, Tories speak of ""pain"" and both Labour and Plaid Cymru make gains.",labour,gains,0.1,0.15,0,0,0.49,concluding state of pregnancy; from the onset of contractions to the birth of a child,the advantageous quality of being beneficial
Just 15 were alive after the stranding and vets had to euthanise the survivors on welfare grounds.,welfare,grounds,0,0.32,0.32,0.33,0.51,governmental provision of economic assistance to persons in need,the first or preliminary coat of paint or size applied to a surface
"Ferrari driver Charles Leclerc says Formula 1 dropping the Monaco Grand Prix would be a ""bad move"".",monaco,driver,0,0.3,0,0,0.34,a constitutional monarchy in a tiny enclave on the French Riviera,a golf club (a wood) with a near vertical face that is used for hitting long shots from the tee
Analysis of three attacks in the city of Chernihiv may offer clues about Putin's tactics in Ukraine.,putin,clues,0,0.14,0,0,0.27,Russian statesman chosen as president of the Russian Federation in 2000; formerly director of the Federal Security Bureau (born in 1952),evidence that helps to solve a problem
Argentina are outsiders for their Rugby World Cup semi-final and New Zealand's accuracy and desire make it hard to argue with the bookmakers' odds.,zealand,odds,0,0.15,0,0,0.31,the largest island of Denmark and the site of Copenhagen,the likelihood of a thing occurring rather than not occurring
"Greg Norman says ""we've all made mistakes"" as he fields questions on Saudi Arabia's human rights record and the murder of dissident journalist Jamal Khashoggi.",saudi,murder,0,0.1,0,0,0.35,a native or inhabitant of Saudi Arabia,unlawful premeditated killing of a human being by a human being
“We won’t move!” – The first ‘forced removals’ of apartheid-era South Africa,south,africa,0.4,0.13,0,0,0.56,the cardinal compass point that is at 180 degrees,the second largest continent; located to the south of Europe and bordered to the west by the South Atlantic and to the east by the Indian Ocean
The BBC gains exclusive access to illegal moneylenders who are charging interest rates of up to 50%.,rates,access,0.1,0.21,0.07,0.06,0.41,amount of a charge or payment relative to some basis,the act of approaching or entering
The snackable sovereign is made from marshmallows and chocolate.,chocolate,sovereign,0.1,0.31,0.06,0.08,0.43,a beverage made from cocoa powder and milk and sugar; usually drunk hot,a nation's ruler or head of state usually by hereditary right
The dominance of Truss campaign supporters in cabinet is already prompting grumbling among some Tory MPs.,supporters,tory,0.2,0.42,0.13,0.13,0.44,a support for the genitals worn by men engaging in strenuous exercise,an American who favored the British side during the American Revolution
Fernando Alonso rejects the idea that he could start the Bahrain Grand Prix from pole position despite setting the pace in Friday practice.,pace,idea,0,0.31,0.06,0.09,0.26,a unit of length equal to 3 feet; defined as 91.44 centimeters; originally taken to be the average length of a stride,the content of cognition; the main thing you are thinking about
The US has sued Amazon for allegedly manipulating customers during the Prime sign-up process.,amazon,us,0.4,0.1,0,0,0.26,(Greek mythology) one of a nation of women warriors of Scythia (who burned off the right breast in order to use a bow and arrow more effectively),North American republic containing 50 states - 48 conterminous states in North America plus Alaska in northwest North America and the Hawaiian Islands in the Pacific Ocean; achieved independence in 1776
"Karen and Lauren say their ""therapeutic"" way of life has become a ""living hell"".",living,karen,0,0.27,0.08,0.06,0.23,the experience of being alive; the course of human events and activities,the Tibeto-Burman language spoken in the Thailand and Burmese borderlands
"Watch the best shots from the opening day of The Hundred 2023, featuring Sam Hain, Anya Shrubsole and Smriti Mandhana.",sam,shots,0,0.78,0.67,0.71,0.39,a guided missile fired from land or shipboard against an airborne target,a solid missile discharged from a firearm
"Crops are being brought from occupied parts of Ukraine to Russia, farmers tell BBC News.",ukraine,crops,0,0.38,0,0,0.33,a republic in southeastern Europe; formerly a European soviet; the center of the original Russian state which came into existence in the ninth century,the stock or handle of a whip
The first ever reduction in care worker numbers means more people are struggling to find the support they need.,reduction,support,0.1,0.59,0.31,0.3,0.38,the act of decreasing or reducing something,aiding the cause or policy or interests of
"After the elected president is overthrown, here’s why it matters for the region, Russia and the West.",president,s,0,0.12,0,0,0.22,the person who holds the office of head of state of the United States government,the cardinal compass point that is at 180 degrees
Organisers did not want “to offer a platform” to far-right minister Itamar Ben-Gvir.,platform,minister,0,0.4,0.15,0.15,0.56,the combination of a particular computer and a particular operating system,a person authorized to conduct religious worship
"From Beyoncé and Harry Styles to Eliza Rose and Cat Burns, here are some of the years top tracks.",burns,tracks,0,0.75,0.68,0.72,0.33,pain that feels hot as if it were on fire,evidence pointing to a possible solution
Police have seized drugs and weapons following operations against drug gangs in three states.,weapons,operations,0,0.27,0.12,0.11,0.48,any instrument or instrumentality used in fighting or hunting,(computer science) data processing in which the result is completely specified by a rule (especially the processing that results from a single instruction)
The real reasons companies are making an extra effort to find out if their staff are happy or not.,companies,staff,0.2,0.75,0.72,0.72,0.56,crew of a ship including the officers; the whole force or personnel of a ship,personnel who assist their superior in carrying out an assigned task
Chris Sutton takes on rapper Juice Menace to pick his winners and losers for the weekend's Premier League games.,menace,games,0,0.31,0.08,0.08,0.29,something that is a source of danger,animal hunted for food or sport
"Dr Martin Hanbury tells BBC he quit his role this week concerned it could cause ""more harm than good.""",harm,role,0,0.22,0.08,0.08,0.26,any physical damage to the body caused by violence or accident or fracture etc.,an actor's portrayal of someone in a play
Providers are leapfrogging each other on top savings rates as they try to raise money to lend.,money,providers,0,0.14,0,0,0.42,the most common medium of exchange; functions as legal tender,someone whose business is to supply a particular service or commodity
George Cohen will forever be immortalised as one of just 11 men to start and win a football World Cup final with England.,george,men,0.8,0.48,0.23,0.27,0.54,Christian martyr; patron saint of England; hero of the legend of Saint George and the Dragon in which he slew a dragon and saved a princess (?-303),all of the living human inhabitants of the earth
"In a speech about birth rates, the agriculture minister uses a phrase linked to white supremacists.",birth,speech,0.2,0.57,0.2,0.23,0.29,the event of being born,the act of delivering a formal spoken communication to an audience
"Julian Knight strongly denies any wrongdoing, after police dropped an investigation into him.",knight,investigation,0,0.12,0,0,0.23,originally a person of noble birth trained to arms and chivalry; today in Great Britain a person honored by the sovereign for personal merit,the work of inquiring into something thoroughly and systematically
"A profile of Liz Truss, who is bidding to be the next Tory leader and prime minister.",tory,minister,0.1,0.57,0.2,0.22,0.51,an American who favored the British side during the American Revolution,a person authorized to conduct religious worship
Namit Malhotra started his company from a garage in Mumbai. Now it's winning Academy Awards.,awards,mumbai,0,0.12,0,0,0.33,a tangible symbol signifying approval or distinction,a city in western India just off the coast of the Arabian Sea; India's 2nd largest city (after Calcutta); has the only natural deep-water harbor in western India
At least 26 schools in five cities are affected by another wave of apparent toxic gas attacks.,schools,gas,0,0.25,0.1,0.09,0.36,a building where young people receive education,the state of matter distinguished from the solid and liquid states by: relatively low density and viscosity; relatively great expansion and contraction with changes in pressure and temperature; the ability to diffuse readily; and the spontaneous tendency to become distributed uniformly throughout any container
"In 18 months of war, Ukraine has learnt new ways to integrate technology into the modern battlefield.",battlefield,technology,0,0.12,0,0,0.41,a region where a battle is being (or has been) fought,the practical application of science to commerce or industry
Watch Karolina Lea Vilhjalmsdottir fire in a volley to give Iceland an early lead against Italy at the Manchester City Academy Stadium.,manchester,academy,0.2,0.33,0.12,0.12,0.43,largest city in New Hampshire; located in southeastern New Hampshire on the Merrimack river,a learned establishment for the advancement of knowledge
"Men must defend the rights of Afghan women and girls, a professor at a Kabul university says.",men,university,0.1,0.47,0.25,0.21,0.39,an adult person who is male (as opposed to a woman),"establishment where a seat of higher learning is housed, including administrative and living quarters as well as facilities for research and teaching"
"Fewer than five patients have been prescribed whole-cannabis medicine, despite it becoming legal in 2018.",patients,medicine,0,0.5,0.24,0.27,0.57,a person who requires medical care,(medicine) something that treats or prevents or alleviates the symptoms of disease
Cancer centres and children's hospitals among services affected by 15 and 20 December walkouts.,cancer,children,0,0.67,0.21,0.26,0.5,(astrology) a person who is born while the sun is in Cancer,a human offspring (son or daughter) of any age
"Experts believe that while additional US aid can help Ukraine fight back, more is still needed.",fight,us,0,0.21,0.06,0.06,0.39,a boxing or wrestling match,a heavy toxic silvery-white radioactive metallic element; occurs in many isotopes; used for nuclear fuels and nuclear weapons
Critics say India's ruling government is using bulldozers to intimidate the minority Muslim community.,government,ruling,0.2,0.27,0.09,0.07,0.79,the organization that is the governing authority of a political unit,the reason for a court's judgment (as opposed to the decision itself)
"The Sea King may be old, but the Ukrainian military say it will help in the war, the BBC is told.",war,king,0,0.57,0.36,0.34,0.46,a legal state created by a declaration of war and ended by official declaration during which the international rules of war apply,preeminence in a particular category or group or field
"BBC Sport reviews round three of the Women's Six Nations, examining the potential for a concerning scoreline plus the lack of self-belief hampering one side.",lack,women,0,0.31,0.07,0.07,0.26,the state of needing something that is absent or unavailable,women as a class
Watch highlights of day three at Edgbaston as Jonny Bairstow makes another stunning century.,day,watch,0,0.75,0.89,0.76,0.35,the recurring hours when you are not sleeping (especially those when you are working),a period of time (4 or 2 hours) during which some of a ship's crew are on duty
Japan's fans stay behind after their team's memorable win over Germany to clean up the stadium.,win,stadium,0,0.12,0,0,0.42,something won (especially money),a large structure for open-air sports or entertainments
"Ukraine's president speaks of an inevitable process, hours after buildings were hit in the Russian capital.",process,ukraine,0,0.12,0,0,0.29,a particular course of action intended to achieve a result,a republic in southeastern Europe; formerly a European soviet; the center of the original Russian state which came into existence in the ninth century
Chris Heaton-Harris addresses unionist concerns as a new system for post-Brexit trade is implemented.,addresses,system,0,0.29,0.06,0.07,0.31,social skill,a group of independent but interrelated elements comprising a unified whole
"England manager Gareth Southgate jokes his players will be ""tapping up"" team-mates while on international duty.",england,duty,0,0.12,0,0,0.25,a division of the United Kingdom,the social force that binds you to the courses of action demanded by that force; ; - John D.Rockefeller Jr
"""I just want to say now, I have no new music,"" says the star as he headlines the Latitude Festival.",latitude,star,0.4,0.5,0.38,0.42,0.4,the angular distance between an imaginary line around a heavenly body parallel to its equator and the equator itself,a plane figure with 5 or more points; often used as an emblem
Aaron Smith scores a 33-minute hat-trick as New Zealand thrash Italy in Pool A to move to the cusp of the World Cup quarter-finals.,italy,cup,0,0.2,0.07,0.08,0.53,a republic in southern Europe on the Italian Peninsula; was the core of the Roman Republic and the Roman Empire between the 4th century BC and the 5th century AD,a punch served in a pitcher instead of a punch bowl
Manchester United boss Erik ten Hag is keen to find a replacement for Cristiano Ronaldo when the transfer window opens next month.,manchester,boss,0,0.3,0.12,0.13,0.45,largest city in New Hampshire; located in southeastern New Hampshire on the Merrimack river,a person who exercises control over workers
"Ministers say they are committed to the legislation, which came into force days before the Coronation.",ministers,force,0,0.56,0.22,0.24,0.37,the job of a head of a government department,an act of aggression (as one against a person who resists)
"Ratings agency says ""predictability has been restored"" following last year's mini-Budget.",agency,year,0,0.57,0.46,0.47,0.46,an administrative unit of government,a body of students who graduate together
Aston Villa agree a deal to sign Brazil centre-back Diego Carlos from Sevilla for £26m.,sevilla,brazil,0.3,0.29,0,0,0.36,a city in southwestern Spain; a major port and cultural center; the capital of bullfighting in Spain,three-sided tropical American nut with white oily meat and hard brown shell
Sexual Minorities Uganda (Smug) decried the move as a 'witch hunt' targeting the LGBT community.,hunt,move,0.2,0.25,0.05,0.07,0.5,an association of huntsmen who hunt for sport,the act of changing location from one place to another
Authorities are stopping anyone taking photos at the Shanghai Covid protest site.,site,authorities,0,0.48,0.23,0.24,0.44,a computer connected to the internet that maintains a series of web pages on the World Wide Web,an authoritative written work
"Sweden beat Argentina to make it three wins from three at the 2023 Fifa Women's World Cup, setting up a mouth-watering last-16 meeting with the USA.",meeting,women,0,0.15,0,0,0.18,a place where things merge or flow together (especially rivers),women as a class
The channel was forced to close in March over its coverage of the war in Ukraine.,channel,ukraine,0,0.11,0,0,0.33,a way of selling a company's product either directly or via distributors,a republic in southeastern Europe; formerly a European soviet; the center of the original Russian state which came into existence in the ninth century
"Europe's first dedicated black music station, Dread Broadcasting Corporation",broadcasting,dread,0,0.12,0,0,0.41,taking part in a radio or tv program,fearful expectation or anticipation
Data shared exclusively with the BBC show large numbers of oil and gas lobbyists attending COP27.,gas,data,0,0.17,0,0,0.23,a fossil fuel in the gaseous state; used for cooking and heating homes,a collection of facts from which conclusions may be drawn
Even Sarina Wiegman is surprised by how successful her tenure has been so far with England - so how much has she transformed the Euro 2022 finalists in 10 months?,tenure,months,0.6,0.77,0.41,0.48,0.48,the term during which some position is held,one of the twelve divisions of the calendar year
"A Nepali sherpa guide carried the man on his back for six hours during the ""very rare"" high-altitude rescue.",guide,hours,0,0.11,0,0,0.5,someone employed to conduct others,clock time
All you need to know as one of the most competitive Six Nations tournaments in recent years begins with a blockbuster day of action on Saturday.,action,blockbuster,0,0.12,0,0,0.65,something done (usually as opposed to something said),a large bomb used to demolish extensive areas (as a city block)
Actress Clara Darcy says she is grateful for having had a rare form of brain cancer.,actress,cancer,0,0.44,0.21,0.16,0.3,a female actor,a small zodiacal constellation in the northern hemisphere; between Leo and Gemini
Wales' Celtic language speaking cousins in France copied the tune of the Welsh national anthem.,france,welsh,0.9,0.12,0,0,0.39,French writer of sophisticated novels and short stories (1844-1924),a Celtic language of Wales
The band's exit to their set at Radio 1's Big Weekend has caused a lot of controversy.,band,radio,0.1,0.12,0,0,0.34,an unofficial association of people or groups,an electronic receiver that detects and demodulates and amplifies transmitted signals
"Wayne Rooney says Manchester City manager Pep Guardiola is ""one of the best things to happen to English football"".",manchester,pep,0.2,0.11,0,0,0.43,largest city in New Hampshire; located in southeastern New Hampshire on the Merrimack river,liveliness and energy
The government suffered a series of heavy defeats to its Public Order Bill in the House of Lords.,government,bill,0.1,0.2,0.09,0.07,0.51,the organization that is the governing authority of a political unit,the entertainment offered at a public presentation
The BBC visits the heartland of Deputy President William Ruto as he vies for the presidency.,deputy,heartland,0,0.35,0.12,0,0.35,a person appointed to represent or act on behalf of others,the central region of a country or continent; especially a region that is important to a country or to a culture
Eight-time European champions Germany defeat Spain to secure top spot in Group B and avoid a Euro 2022 quarter-final tie with England.,defeat,germany,0,0.12,0,0,0.34,an unsuccessful ending to a struggle or contest,a republic in central Europe; split into East Germany and West Germany after World War II and reunited in 1990
Writer Edwin Flay describes what motivated him to create a play about the serial killer GP.,play,gp,0,0.11,0,0,0.33,a preset plan of action in team sports,a physician who is not a specialist but treats all illnesses
"Oath Keepers founder Stewart Rhodes gets the longest sentence yet for his part on January 6, 2021.",stewart,rhodes,0.6,0.57,0.19,0.18,0.56,United States film actor who portrayed incorruptible but modest heros (1908-1997),British colonial financier and statesman in South Africa; made a fortune in gold and diamond mining; helped colonize the territory now known as Zimbabwe; he endowed annual fellowships for British Commonwealth and United States students to study at Oxford University (1853-1902)
"Neon green bolero jackets, a piano fit for a princess and other highlights from Eurovision 2023 in Liverpool.",piano,princess,0.1,0.14,0,0,0.52,(music) low loudness,a female member of a royal family other than the queen (especially the daughter of a sovereign)
The airline says cancellations are required to provide reliable services in the busy holiday period.,airline,period,0,0.27,0.05,0.08,0.33,a commercial enterprise that provides scheduled flights for passengers,an amount of time
Turning round the Met's reputation will require all Sir Mark Rowley's determination and skill.,sir,skill,0.1,0.14,0,0,0.4,a title used before the name of knight or baronet,ability to produce solutions in some problem domain
"Most Tory MPs rallied behind Boris Johnson, but one senior backbencher called on the leader to quit.",johnson,mps,0,0.57,0.22,0.19,0.49,English writer and lexicographer (1709-1784),a member of the military police who polices soldiers and guards prisoners
"In the past month, 21 ships have left Ukraine's ports laden with grain. A lot is going to Ethiopia.",ships,grain,0.1,0.22,0.1,0.09,0.49,a vessel that carries passengers or freight,foodstuff prepared from the starchy grains of cereal grasses
"The tightening of regulations may lead to criminal records for those flouting them, a new policy says.",policy,regulations,1,0.5,0.44,0.4,0.63,written contract or certificate of insurance,an authoritative rule
"Across Africa, extreme Christianity is threatening the faith of many.",africa,christianity,0,0.13,0,0,0.44,the second largest continent; located to the south of Europe and bordered to the west by the South Atlantic and to the east by the Indian Ocean,a monotheistic system of beliefs and practices based on the Old Testament and the teachings of Jesus as embodied in the New Testament and emphasizing the role of Jesus as savior
A 42-year-old man has been arrested on suspicion of assault after an alleged incident during Arsenal's 3-1 win over Manchester United on Sunday,arsenal,assault,0,0.3,0.12,0.13,0.24,all the weapons and equipment that a country has,thoroughbred that won the triple crown in 1946
"Follow the King's Coronation order of service, line by line.",order,coronation,0.2,0.29,0.1,0.06,0.38,logical or comprehensible arrangement of separate elements,the ceremony of installing a new monarch
We've rounded up some of the under-the radar moments from counts across the UK.,counts,radar,0,0.36,0.15,0.14,0.26,a nobleman (in various countries) having rank equal to a British earl,measuring instrument in which the echo of a pulse of microwave radiation is used to detect and locate distant objects
Great Britain's Keely Hodgkinson defends her 800m title in style before team captain Jazmin Sawyers wins a stunning long jump gold at the European Indoor Championships in Istanbul.,jump,great,0,0.13,0,0,0.17,(film) an abrupt transition from one scene to another,a person who has achieved distinction and honor in some field
"Three years after winning in the High Court, hundreds of sub-postmasters are still waiting for compensation.",hundreds,compensation,0.1,0.27,0.08,0.06,0.46,ten 10s,(psychiatry) a defense mechanism that conceals your undesirable shortcomings by exaggerating desirable behaviors
Scotland's first minister reacted after Elon Musk commented on an edited clip of a speech he gave in 2020.,clip,speech,0.3,0.57,0.28,0.27,0.47,an instance or single occasion for some event,the act of delivering a formal spoken communication to an audience
The deadly earthquakes in Turkey and Syria are having a devastating impact on people's mental health.,syria,turkey,1,0.11,0,0,0.72,an Asian republic in the Middle East at the east end of the Mediterranean; site of some of the world's most ancient centers of civilization,an event that fails badly or is totally ineffectual
Thursday's front pages include tributes to TV star and comedian Paul O'Grady.,star,pages,0,0.12,0,0,0.23,the topology of a network whose components are connected to a hub,United States diplomat and writer about the Old South (1853-1922)
The inaccessibility of Canterbury Cathedral roof could make it the good place to find space matter.,roof,place,0.3,0.38,0.13,0.14,0.44,a protective covering that covers or forms the top of a building,a space reserved for sitting (as in a theater or on a train or airplane)
"As rebels step up attacks, the government has responded with air strikes in the Oromia region.",air,rebels,0,0.11,0,0,0.45,travel via aircraft,`Johnny' was applied as a nickname for Confederate soldiers by the Federal soldiers in the American Civil War; `greyback' derived from their grey Confederate uniforms
"Aslef train drivers announce another overtime ban, while members of the RMT will walk out later this week.",week,train,0,0.31,0.07,0.07,0.43,hours or days of work in a calendar week,a procession (of wagons or mules or camels) traveling together in single file
The shooter was said to have targeted Shinzo Abe for allegedly having ties to a controversial group.,shooter,group,0.1,0.25,0.06,0.08,0.36,a large marble used for shooting in the game of marbles,(chemistry) two or more atoms bound together as a single unit and forming part of a molecule
Health-tech firms around the world are increasingly using AI to help tailor drugs for patients.,patients,drugs,0.1,0.15,0,0,0.72,the semantic role of an entity that is not the agent but is directly involved in or affected by the happening denoted by the verb in the clause,a substance that is used as a medicine or narcotic
Argentina has broken a co-operation deal and is calling for talks over the sovereignty of the Falklands.,sovereignty,argentina,0.1,0.25,0.05,0.05,0.39,royal authority; the dominion of a monarch,type genus of the Argentinidae: argentines
"As the number of breast reductions rises, women open up on their experience of having bigger breasts.",breasts,women,0.2,0.31,0.05,0.06,0.56,meat carved from the breast of a fowl,women as a class
A 19-year-old Irish woman living in Sumy is trying to leave the country amid Russian attacks.,country,irish,0.3,0.91,1,0.78,0.39,the people who live in a nation or country,people of Ireland or of Irish extraction
Four-time champion John Higgins is made to work hard for his 10-7 first-round win over Thepchaiya Un-Nooh at the World Championship in Sheffield.,john,world,0,0.59,0.38,0.4,0.53,(New Testament) disciple of Jesus; traditionally said to be the author of the 4th Gospel and three epistles and the book of Revelation,all of your experiences that determine how things appear to you
"Kate Jayden, from Derbyshire, finished her final run on 15 April, despite suffering a broken knee.",run,knee,0,0.46,0.44,0.41,0.24,a small stream,joint between the femur and tibia in a quadruped; corresponds to the human knee
One of England's most famous grounds is set for a major upgrade now Luton Town are promoted.,town,upgrade,0,0.4,0.17,0.16,0.25,an urban area with a fixed boundary that is smaller than a city,an upward slope or grade (as in a road)
Manchester City striker Erling Haaland and Liverpool manager Jurgen Klopp star in the weekend's funniest moments from Match of the Day 2's '2 Good 2 Bad'.,liverpool,day,0,0.15,0,0,0.2,a large city in northwestern England; its port is the country's major outlet for industrial exports,"the time for one complete rotation of the earth relative to a particular star, about 4 minutes shorter than a mean solar day"
"Drone footage captures the devastation after a tornado hits Rolling Fork, Mississippi.",fork,footage,0,0.33,0.11,0.1,0.22,the angle formed by the inner sides of the legs where they join the human trunk,film that has been shot
"The list of who can get free tests after 1 April in England is now out, but most people will have to pay.",list,england,0,0.12,0,0,0.29,a database containing an ordered array of items (names or topics),a division of the United Kingdom
Prosecutors say there is insufficient evidence for criminal charges in fatal shooting of Amir Locke.,prosecutors,charges,0.1,0.13,0,0,0.53,a government official who conducts criminal prosecutions on behalf of the state,(criminal law) a pleading describing some wrong or offense
Five French soldiers are accused of failing to help during the incident when 27 people died.,soldiers,incident,0,0.13,0,0,0.58,an enlisted man or woman who serves in an army,a single distinct event
"Animal bones found at the bottom of the pits are used to identify them as about 8,000 years old.",animal,bottom,0,0.31,0.16,0.14,0.37,a living organism characterized by voluntary movement,the fleshy part of the human body that you sit on
"Watch as Cambodia's Bou Samnang digs deep to finish the women's 5,000m nearly six minutes after the winner in torrential rain at the Southeast Asian Games in Phnom Penh.",rain,southeast,0,0.32,0.3,0.28,0.13,drops of fresh water that fall as precipitation from clouds,the compass point midway between south and east; at 135 degrees
How the billionaire's purchase of Twitter has changed the platform and what the future may hold.,future,purchase,0.1,0.27,0.09,0.08,0.3,bulk commodities bought or sold at an agreed price for delivery at a specified future date,the mechanical advantage gained by being in a position to use a lever
"As the festival gates open, we look at the songs that could give us a ""Glastonbury moment"" this year.",year,songs,0.1,0.27,0.09,0.07,0.35,a period of time containing 365 (or 366) days,the act of singing
"The Academy Awards return this Sunday, but they face a battle to raise their viewing figures.",battle,figures,0.1,0.59,0.32,0.29,0.31,an open clash between two opposing groups (or individuals); --Thomas Paine,a predetermined set of movements in dancing or skating
Humza Yousaf has made history as the first Muslim to lead a country in western Europe.,history,muslim,0.1,0.15,0,0,0.34,a record or narrative description of past events,a believer in or follower of Islam
"Laura Muir and Jemma Reekie have unexpectedly cut short their altitude training camp, leaving long-term coach Andy Young in South Africa.",coach,muir,0.6,0.57,0.25,0.2,0.27,(sports) someone in charge of training an athlete or a team,United States naturalist (born in England) who advocated the creation of national parks (1838-1914)
"After criticism of its use at Euro 2022, Manchester City's Academy Stadium proves size is not everything as Iceland bring the Viking clap and their prime minister to Euro 2022.",clap,use,0.2,0.53,0.2,0.24,0.37,a sudden very loud noise,the act of using
England have to settle for a draw in the first Test against West Indies despite a spirited performance on the final day in Antigua.,test,day,0,0.13,0,0,0.67,the act of testing something,United States writer best known for his autobiographical works (1874-1935)
Football Focus pays tribute to Queen Elizabeth II by looking back at her connection with the national sport.,ii,connection,0.1,0.24,0.09,0.08,0.39,the cardinal number that is the sum of one and one or a numeral representing this number,the act of bringing two things into contact (especially for communication)
Former footballer Pat Nevin has spoken for the first time about his grown-up son's autism diagnosis.,footballer,autism,0,0.12,0,0,0.24,an athlete who plays American football,(psychiatry) an abnormal absorption with the self; marked by communication disorders and short attention span and inability to treat others as people
"Thomas Tuchel says there are ""no regrets"" after holders Chelsea were knocked out of the Champions League by Real Madrid in a classic clash.",madrid,holders,0,0.32,0.09,0.11,0.39,the capital and largest city situated centrally in Spain; home of an outstanding art museum,a person who holds something
"The Swedish star explains why she's rejected the slick, corporate Spotify sound to follow her gut.",gut,slick,0,0.14,0,0,0.55,a narrow channel or strait,a slippery smoothness
Hurdler Devon Allen reports for duty with the NFL's Philadelphia Eagles - nine days after suffering a disappointing exit at the World Athletics Championships.,eagles,championships,0.2,0.11,0,0,0.3,any of various large keen-sighted diurnal birds of prey noted for their broad wings and strong soaring flight,a competition at which a champion is chosen
Laura Kuenssberg on why her guest this Sunday faces a whole new set of political and economic challenges.,set,guest,0,0.63,0.4,0.37,0.25,any electronic equipment that receives or transmits radio or tv signals,(computer science) any computer that is hooked up to a computer network
"Britain left India 75 years ago and the country became two separate states, India and Pakistan.",britain,country,1,0.89,0.6,0.75,0.44,a monarchy in northwestern Europe occupying most of the British Isles; divided into England and Scotland and Wales and Northern Ireland; `Great Britain' is often used loosely to refer to the United Kingdom,the territory occupied by a nation
A jail sentence doesn't necessarily mean an MP will lose their job - so what has to happen first?,job,mp,0.1,0.12,0,0,0.5,the responsibility to do something,a member of the military police who polices soldiers and guards prisoners
